 /* 그룹 샘플 */
 insert into `group`(gname)values('그룹없음'),('최고관리자'),('관리자'),('교육상담실'),('인강담당자'),('전략담임(해당 반만)'),('학과담임(해당 반만)'),
 ('교육복지부'),('학과담임'),('전략담임'),('상황'),('퇴사'),('전략담임(팀장)'),('전략담임(과장)'),('교육복지부(부장)'),('교육복지부(대리)'),('교육상담실(부원장)'),
 ('교육상담실(대리)'),('교육운영부(담임)'),('교육운영부(상황)'),('교육운영부(인강)'),('인재교육부(담임)'),('개발테스트용'),('인재교육부');

/* 관리자 샘플 */
insert into admin(aid, apassword, aname, aphone, aemail, gno_fk)
 values('rlaqudfo', 'rlaqudfo604', '김인종', '010-4532-1235', 'rladlswhd@naver.com',2),
 ('dhtmdxor', 'dhtmdxor496', '김춘봉', '010-1235-8785', 'rlacnsqhd@gamil.com',3),
 ('dltmdgh', 'dltmdgh486', '이지아', '010-7895-4156', 'dlwldk@naver.com',12),
 ('wkddmsrud', 'wkddmsrud541', '박문지', '010-4521-5678', 'qkrqnswl@gamil.com',1),
 ('rlaehdgns', 'rlaehdgns584', '신지우', '010-5624-1357', 'tlswldn@naver.com',1);

/* 메인 카테고리 샘플 */
insert into maincategory(mcname)
values('학원생관리'),('출석부'),('성적실명제'),('생활관리'),('신청관리'),('권한설정');

/* 서브 카테고리 샘플  */
insert into subcategory(scname,scurl,mcno_fk)
values('학원생리스트','/student',1),('학생수납','/paid',1),('출석부(중복)','/3',1),('성적표','/4',1),('시수표','/perhour',1),
('인터넷강의 출석부','/6',2),('입학 리스트','/class',2),('수업과목 리스트','/8',2),('강사출석부','/9',2),('수강내역','/10',2),('학기 리스트','/term',2),('학생 출석부','/12',2),
('평균성적','/13',3),('개인성적','/14',3),('상담일지','/counsel',3),
('병원진료','/16',4),('투약','/17',4),('양호실','/18',4),('응급환자','/19',4),('외박','/20',4),('외출','/21',4),('매점이용','/22',4),('벌점관리','/23',4),('숙소관리','/24',4),('통계','/25',4),
('학습질문','/26',5),('자율학습','/27',5),('전화예약','/28',5),('외출차량','/29',5),('식단메뉴','/30',5),('조사Poll','/31',5),('관리자 권한 설정','/adminManaging',6);

/* 학생 데이터 샘플 */
insert
into student(saddress, sbirth, sclass, semail, sgender, sgrade, sid, simage,smajor,sname,sparentname,sparentphone,sparentrelation,spassword,sphone,sschool)
values
('경기 구리시 담터길32번길 111','1996-05-25','윈터스툴','rlaehdgns@naver.com','남자','삼수','2024-00001','default.jpg','자연','김동훈','김동부','010-4274-1254','부','1111','010-8254-1254','중앙고'),
('경기 성남시 분당구 대왕판교로 477','1998-07-15','정규반','dltmdgh@naver.com','남자','재수','2024-00002','default.jpg','인문','이승호','이승부','010-5234-1223','부','1111','010-9781-6512','초지고'),
('경기 안산시 단원구 갈마지길 5-2','1999-04-25','정규반','rlqqudfo@naver.com','남자','고3','2024-00003','default.jpg','자연','김병래','김병부','010-4434-4231','부','1111','010-7955-5141','성포고'),
('경기 안산시 단원구 갈마지길 5-3','2000-10-25','선행반','wkddmsrud@naver.com','여자','고2','2024-00004','default.jpg','자연','장은경','장은부','010-7234-1233','부','1111','010-5645-7892','안산고'),
('경기 안산시 단원구 대부북동 461-1','2002-06-15','정규반','dhtmdxor@naver.com','남자','삼수','2024-00005','default.jpg','자연','오승택','오승모','010-9234-1238','모','1111','010-4564-1538','시흥고'),
('경기 성남시 분당구 용인서울고속도로 88 (판교터널 관리사무소)','2003-04-24','선행반','qwer2@naver.com','남자','재수','2024-00006','default.jpg','인문','김자바','김자바','010-4564-1235','부','1111','010-3681-6512','중앙고'),
('경기 시흥시 서울대학로 1','2000-06-25','윈터스툴','rlavkdl@gmail.com','남자','재수','2024-00007','default.jpg','자연','김파이','김파삼','010-4521-4564','부','1111','010-4565-6512','중앙고'),
('경기 부천시 소사구 경인로10번길 25-44','1996-04-25','윈터스툴','dsdfda@gmail.com','남자','재수','2024-00008','default.jpg','인문','리액트','리액트','010-1205-1259','부','1111','010-9781-4566','안산고'),
('인천 강화군 강화읍 갑룡길 3','1996-04-25','정규반','eoqjf@gmail.com','남자','고3','2024-00009','default.jpg','자연','노홍철','노홍철','010-4564-1235','부','1111','010-2353-3636','안산고'),
('경기 성남시 분당구 대왕판교로 477','1996-04-15','선행반','rladj@gmail.com','여자','재수','2024-00010','default.jpg','자연','하하','노홍철','010-2135-4561','부','1111','010-1214-1238','안산고'),
('경기 성남시 분당구 대왕판교로 477','1999-03-05','선행반','sktld@gmail.com','남자','고1','2024-00011','default.jpg','자연','유재석','노홍철','010-1235-1887','부','1111','010-9234-4585','시흥고'),
('경기 안산시 단원구 대부북동 461-2','2001-06-14','정규반','dckb32@gmail.com','남자','재수','2024-00012','default.jpg','자연','강호동','노홍철','010-5747-5387','부','1111','010-3535-3532','시흥고'),
('경기 수원시 권선구 경수대로 88 (마중광장)','2003-05-05','선행반','dgdk16@gmail.com','여자','재수','2024-00013','default.jpg','자연','서장훈','노홍철','010-5767-5685','부','1111','010-4363-3535','중앙고'),
('인천 강화군 강화읍 갑곳리 162-4','1996-04-25','윈터스툴','fkdlgd48@gmail.com','남자','삼수','2024-00014','default.jpg','자연','정형돈','노홍철','010-3114-3533','부','1111','010-1257-4568','중앙고'),
('경기 고양시 덕양구 수원문산고속도로 49 (흥도영업소)','1996-04-25','선행반','dg45dg@gmail.com','여자','재수','2024-00015','default.jpg','자연','정준하','노홍철','010-1235-1325','부','1111','010-8755-4565','시흥고'),
('경기 고양시 덕양구 성사동 97','1996-04-25','윈터스툴','adga814@gmail.com','여자','재수','2024-00016','default.jpg','자연','강개리','노홍철','010-2424-5353','부','1111','010-0215-7895','중앙고'),
('경기 고양시 일산동구 설문동 672-27','1996-04-25','윈터스툴','asdcxv18@gmail.com','여자','재수','2024-00017','default.jpg','자연','장도연','노홍철','010-4747-2352','부','1111','010-9234-5378','초지고'),
('경기 수원시 권선구 경수대로 89-2','1996-04-25','선행반','dfqweq87@gmail.com','남자','재수','2024-00018','default.jpg','자연','김솔지','노홍철','010-8254-1554','부','1111','010-4562-1238','안산고'),
('경기 수원시 권선구 대황교동 248-28','1996-04-25','정규반','eret8412@gmail.com','남자','재수','2024-00019','default.jpg','자연','가나다','노홍철','010-7854-1538','부','1111','010-9234-4578','안산고'),
('경기 수원시 권선구 경수대로 88 (마중광장)','1996-04-25','정규반','dkrklek@gmail.com','남자','재수','2024-00020','default.jpg','자연','마바사','마바사','010-8124-1254','부','1111','010-4565-1238','초지고');

-- 권한 테이블 샘플
insert into authority(scno_fk,gno_fk) values(1,2),
(2,2),(7,2),(12,2),(17,2),(22,2),(27,2),
(3,2),(8,2),(13,2),(18,2),(23,2),(28,2),
(4,2),(9,2),(14,2),(19,2),(24,2),(29,2),
(5,2),(10,2),(15,2),(20,2),(25,2),(30,2),
(6,2),(11,2),(16,2),(21,2),(26,2),(31,2),(32,2);
-- 상담 샘플
insert into counsel( ctitle,  ccontent, centerdate, cdate, cdivision, sno_fk, ano_fk ) values
('성적저조','열심히 하나 성적이 저조','2024-04-01','2024-04-15','성적',1,1),
('집중력부족','수업시간에 집중을 못함','2024-04-01','2024-04-14','학습',2,1),
('룸메이트갈등','룸메이트와 다툼','2024-03-21','2024-04-12','생활',3,1),
('왕따','반 친구들과 어울리지 못함','2024-03-01' ,'2024-04-11','친구',4,1),
('향수병','혼자 외지에 있어 향수병이 심함','2024-01-11','2024-04-10','부모',5,2),
('집중력부족','수업시간에 집중을 못함','2024-04-01','2024-04-02','학습',6,2),
('향수병','혼자 외지에 있어 향수병이 심함','2024-04-01','2024-04-03','부모',7,2),
('왕따','반 친구들과 어울리지 못함','2024-04-02','2024-04-03','생활',8,2),
('집중력부족','수업시간에 집중을 못함','2024-04-02','2024-04-03','학습',9,3),
('룸메이트갈등','룸메이트와 다툼','2024-04-02','2024-04-03','생활',10,3),
('왕따','반 친구들과 어울리지 못함','2024-04-02','2024-04-04','친구',11,3),
('룸메이트갈등','룸메이트와 다툼','2024-04-02','2024-04-04','생활',12,3),
('성적저조','열심히 하나 성적이 저조','2024-04-02','2024-04-04','부모',13,3),
('향수병','혼자 외지에 있어 향수병이 심함','2024-04-02','2024-04-04','부모',14,4),
('성적저조','열심히 하나 성적이 저조','2024-04-02','2024-04-04','멘탈',15,4);


insert into term(tname) values
('11월 only 수학반'),('12월 정규반'),('1월 정규반'),('2월 정규반'),('겨울캠프반'),('대입반'),('선행반');

insert into class(tno_fk,clname) values
(1, 'SH1'),(1, 'SH2'),(1, 'SH3'),(1, 'SH4'),(1, 'SH5'),(1, 'SM1'),(1, 'SM2'),
(2, 'SH1'),(2, 'SH2'),(2, 'SH3'),(2, 'SH4'),(2, 'SH5'),(2, 'SM1'),(2, 'SM2'),(2, ' 3-1'),
(3, 'SH1'),(3, 'SH2'),(3, 'SH3'),(3, 'SM1'),(3, 'SM2'),(3, ' 3-1'),
(4, 'SH1'),(4, 'SH2'),(4, 'SH3'),(4, 'SM1'),(4, 'SM2'),(4, ' 3-1'),
(5, 'SH1'),(5, 'SH2'),(5, 'SH3'),(5, 'SM1'),(5, 'SM2'),(5, ' 3-1'),
(6, 'SH1'),(6, 'SH2'),(6, 'SH3'),(6, 'SM1'),(6, 'SM2'),
(7, 'SH1'),(7, 'SH2'),(7, 'SH3'),(7, 'SM1'),(7, 'SM2'),(7, ' 3-1');
insert into nickname(ano_fk,nname) values
(1,"기상"),(2,"이상"),(3,"화상"),(4,"국이"),(5,"사김");

insert into perhour(tno_fk,termname) values
 (1,"김인종 3시수"),(1,"이지아 6시수"),(1,"신지우 5시수"),(2,"이지아 10시수"),(3,"김인종 4시수");

insert into perhoursub(phno_fk,nno_fk,perhour,tno_fk,fontcolor,backgroundcolor) values
(1,1,7,1,"#000","#fff"),
(1,2,5,1,"#fff","#000"),
(2,3,10,1,"#0f0f0f","#ff00cc"),
(2,4,5,2,"#ffff12","#fffa23"),
(3,3,5,3,"#fffa23","#0f0f0f"),
(4,5,5,4,"#e123ea","#ffff12");

insert into scheduletime(week,period) values
('월요일','1교시'),('월요일','2교시'),('월요일','3교시'),('월요일','4교시'),('월요일','5교시'),('월요일','6교시'),('월요일','7교시'),('월요일','8교시'),('월요일','자주1'),('월요일','자주2'),('월요일','자주3'),
('화요일','1교시'),('화요일','2교시'),('화요일','3교시'),('화요일','4교시'),('화요일','5교시'),('화요일','6교시'),('화요일','7교시'),('화요일','8교시'),('화요일','자주1'),('화요일','자주2'),('화요일','자주3'),
('수요일','1교시'),('수요일','2교시'),('수요일','3교시'),('수요일','4교시'),('수요일','5교시'),('수요일','6교시'),('수요일','7교시'),('수요일','8교시'),('수요일','자주1'),('수요일','자주2'),('수요일','자주3'),
('목요일','1교시'),('목요일','2교시'),('목요일','3교시'),('목요일','4교시'),('목요일','5교시'),('목요일','6교시'),('목요일','7교시'),('목요일','8교시'),('목요일','자주1'),('목요일','자주2'),('목요일','자주3'),
('금요일','1교시'),('금요일','2교시'),('금요일','3교시'),('금요일','4교시'),('금요일','5교시'),('금요일','6교시'),('금요일','7교시'),('금요일','8교시'),('금요일','자주1'),('금요일','자주2'),('금요일','자주3'),
('토요일','1교시'),('토요일','2교시'),('토요일','3교시'),('토요일','4교시'),('토요일','5교시'),('토요일','6교시'),('토요일','7교시'),('토요일','8교시'),('토요일','자주1'),('토요일','자주2'),('토요일','자주3');

insert into fee(sno_fk, submitfee, tuitionfee,state) values
(1,0,3000000,'미수납'),(2,1000000,3000000,'수납중'),(3,3000000,3000000,'수납'),(4,3000000,3000000,'수납'),(5,3000000,3000000,'수납'),(6,3000000,3000000,'수납'),(7,3000000,3000000,'수납'),(8,3000000,3000000,'수납'),
(9,3000000,3000000,'수납'),(10,3000000,3000000,'수납'),(11,3000000,3000000,'수납'),(12,3000000,3000000,'수납'),(13,3000000,3000000,'수납'),(14,3000000,3000000,'수납'),(15,3000000,3000000,'수납'),(16,3000000,3000000,'수납'),
(17,3000000,3000000,'수납'),(18,3000000,3000000,'수납'),(19,3000000,3000000,'수납'),(20,3000000,3000000,'수납')
